ID_1,Name,Type,Period,Period_sig,amp,amp_sig,Frac_amp_1,Slope,Slope_sig,R^2,W1_mean,W1_sig,W2_mean,W2_sig,W2_delta,SD/sig,W4,W4_sig,Dis,Dis_err,Rad,Tdust,logLbol,logMclump,logNH2,Fmax,Fmin,Var,N,ref
26,1.147-0.124,SL,2264.1 ,240.9 ,0.040 ,0.007 ,0.037 ,-2.37E-05,6.33E-06,0.62 ,10.346 ,0.192 ,6.974 ,0.079 ,0.157 ,1.557 ,--,--,3.72 ,0.26 ,--,--,--,--,--,10.0 ,2.6 ,3.8 ,2,"M03,P05"
29,2.143+0.009,SL,3263.4 ,2704.4 ,-0.065 ,0.107 ,-0.058 ,-1.04E-04,1.29E-04,0.85 ,10.753 ,0.215 ,8.173 ,0.110 ,0.234 ,1.265 ,--,--,11.10 ,0.24 ,--,--,--,--,--,11.0 ,6.7 ,1.6 ,3,"M91,P05,MMB"
47,5.630-0.294,SL,2153.2 ,283.9 ,-0.032 ,0.008 ,-0.029 ,3.15E-05,7.81E-06,0.64 ,9.932 ,0.144 ,8.341 ,0.090 ,0.145 ,1.198 ,1.034 ,0.019 ,2.94 ,0.16 ,0.14 ,28.0 ,3.15 ,1.97 ,22.19 ,1.3 ,0.8 ,1.6 ,2,"MMB,B12B"
48,5.657+0.416,SL,1610.9 ,126.2 ,0.088 ,0.023 ,0.085 ,1.46E-04,2.05E-05,0.70 ,8.767 ,0.081 ,5.555 ,0.251 ,0.525 ,1.324 ,1.196 ,0.017 ,3.60 ,0.28 ,--,--,--,--,--,1.9 ,1.9 ,1.0 ,1,MMB
73,10.205-0.345,Line,--,--,--,--,--,-2.79E-04,8.32E-06,0.97 ,12.577 ,0.482 ,9.402 ,0.246 ,0.764 ,4.618 ,-1.016 ,--,4.83 ,0.23 ,0.91 ,26.0 ,4.64 ,3.31 ,22.66 ,1.3 ,1.3 ,1.0 ,1,MMB
89,10.958+0.022,SL,1693.1 ,157.9 ,0.012 ,0.004 ,0.011 ,3.31E-05,3.30E-06,0.90 ,10.744 ,0.142 ,8.239 ,0.047 ,0.092 ,1.331 ,-0.869 ,0.010 ,13.38 ,0.26 ,0.60 ,26.9 ,4.02 ,2.62 ,22.70 ,20.2 ,13.4 ,1.5 ,6,"S93,W97,S00,M03,MMB,S12"
91,11.109-0.114,SL,1559.3 ,21.7 ,-0.178 ,0.009 ,-0.151 ,1.00E-04,7.56E-06,0.81 ,11.867 ,0.406 ,7.924 ,0.162 ,0.649 ,4.936 ,1.736 ,0.040 ,12.43 ,0.26 ,0.62 ,15.8 ,2.84 ,3.01 ,22.80 ,26.0 ,6.9 ,3.8 ,3,"E07,MMB,S12"
117,13.713-0.083,SL,2155.2 ,131.5 ,0.039 ,0.005 ,0.036 ,5.02E-05,4.43E-06,0.88 ,11.209 ,0.180 ,7.671 ,0.064 ,0.177 ,1.795 ,--,--,3.85 ,0.21 ,0.76 ,23.4 ,3.72 ,2.83 ,22.42 ,12.6 ,3.4 ,3.7 ,3,"S00,MMB,S12"
129,15.094+0.192,Line,--,--,--,--,--,4.89E-04,3.36E-05,0.77 ,8.240 ,0.323 ,5.458 ,0.492 ,1.916 ,2.035 ,0.957 ,0.017 ,13.31 ,0.24 ,--,--,--,--,--,18.6 ,13.6 ,1.4 ,2,"MMB,S12"
131,15.665-0.499,SL,2458.8 ,237.0 ,-0.039 ,0.005 ,-0.036 ,7.95E-05,5.24E-06,0.96 ,12.250 ,0.337 ,9.230 ,0.082 ,0.225 ,1.904 ,1.369 ,0.020 ,4.89 ,0.24 ,--,19.4 ,--,--,22.85 ,47.7 ,33.0 ,1.4 ,5,"S00,P05,F10,MMB,S12"
133,16.302-0.196,Line,--,--,--,--,--,-1.94E-04,1.12E-05,0.66 ,10.254 ,0.241 ,6.888 ,0.206 ,0.807 ,3.716 ,1.228 ,0.022 ,3.80 ,0.36 ,0.16 ,21.7 ,2.61 ,1.81 ,21.99 ,8.1 ,8.1 ,1.0 ,1,S12
136,16.662-0.331,Sin,6000.0 ,3558.0 ,-0.095 ,0.087 ,-0.084 ,--,--,0.72 ,11.758 ,0.202 ,9.688 ,0.065 ,0.158 ,1.610 ,1.914 ,0.026 ,4.03 ,0.28 ,--,--,--,--,--,2.6 ,2.6 ,1.0 ,1,MMB
137,16.831+0.079,Sin,2875.4 ,839.5 ,-0.020 ,0.007 ,-0.018 ,--,--,0.63 ,10.465 ,0.145 ,8.967 ,0.064 ,0.060 ,1.094 ,1.550 ,0.018 ,3.83 ,0.31 ,1.38 ,22.9 ,4.27 ,3.50 ,22.45 ,4.4 ,2.7 ,1.6 ,2,"MMB,S12"
147,18.262-0.244,SL,3073.0 ,547.7 ,0.073 ,0.016 ,0.070 ,8.68E-05,2.06E-05,0.70 ,10.320 ,0.118 ,7.615 ,0.089 ,0.280 ,2.230 ,1.530 ,0.043 ,3.96 ,0.29 ,1.80 ,19.6 ,4.43 ,3.80 ,22.79 ,23.1 ,23.0 ,1.0 ,2,"MMB,S12"
148,18.341+1.768,Sin,5000.0 ,4132.5 ,0.518 ,0.635 ,0.612 ,--,--,0.72 ,4.384 ,0.869 ,1.106 ,0.423 ,1.258 ,1.467 ,-2.452 ,0.018 ,1.99 ,0.08 ,--,--,--,--,--,99.3 ,34.1 ,2.9 ,6,"V95,S99,S00,M03,F10,MMB"
158,18.999-0.239,Line,--,--,--,--,--,4.21E-04,8.65E-06,0.93 ,9.841 ,0.773 ,7.179 ,0.356 ,1.183 ,9.846 ,--,--,4.22 ,0.36 ,0.24 ,18.9 ,2.80 ,2.34 ,22.21 ,0.9 ,0.9 ,1.0 ,1,MMB
159,19.009-0.029,SL,763.5 ,12.4 ,0.049 ,0.006 ,0.046 ,9.08E-05,4.93E-06,0.83 ,11.899 ,0.275 ,7.221 ,0.097 ,0.310 ,2.056 ,1.131 ,0.021 ,4.16 ,0.39 ,1.08 ,23.9 ,4.10 ,3.20 ,22.68 ,20.4 ,9.1 ,2.2 ,2,"MMB,S12"
166,19.496+0.115,SL,1805.3 ,69.0 ,-0.072 ,0.009 ,-0.064 ,7.96E-05,7.53E-06,0.88 ,13.096 ,0.576 ,9.181 ,0.098 ,0.297 ,3.313 ,0.908 ,0.026 ,9.42 ,0.33 ,2.47 ,24.7 ,4.78 ,3.60 ,22.26 ,5.6 ,3.7 ,1.5 ,3,"MMB,S12,S14"
170,19.614+0.011,Sin,3138.3 ,383.9 ,-0.066 ,0.011 ,-0.059 ,--,--,0.59 ,12.728 ,0.514 ,10.761 ,0.121 ,0.218 ,1.215 ,3.906 ,0.036 ,3.33 ,0.42 ,--,--,--,--,--,3.8 ,3.8 ,1.0 ,1,MMB
177,20.239+0.065,SL,1686.9 ,204.5 ,0.020 ,0.006 ,0.019 ,6.30E-05,5.86E-06,0.89 ,10.454 ,0.130 ,6.705 ,0.086 ,0.242 ,1.493 ,0.832 ,0.016 ,4.41 ,0.39 ,--,--,--,--,--,100.0 ,49.2 ,2.0 ,3,"C95B,S12,B15"
180,20.926-0.050,SL,1321.9 ,9.9 ,0.366 ,0.012 ,0.401 ,-1.34E-04,1.04E-05,0.90 ,10.732 ,0.269 ,7.125 ,0.313 ,0.980 ,6.008 ,1.576 ,0.024 ,13.09 ,0.31 ,--,--,--,--,--,8.9 ,4.1 ,2.2 ,2,"B15,Y19"
182,21.023-0.063,Sin,2260.7 ,34.0 ,-0.185 ,0.008 ,-0.156 ,--,--,0.85 ,13.519 ,0.536 ,9.111 ,0.141 ,0.466 ,4.210 ,1.017 ,0.009 ,11.70 ,0.30 ,--,--,--,--,--,5.7 ,2.2 ,2.6 ,2,"B15,Y19"
183,21.407-0.254,SL,1670.7 ,86.6 ,-0.037 ,0.006 ,-0.033 ,4.49E-05,5.36E-06,0.81 ,12.066 ,0.233 ,10.543 ,0.073 ,0.165 ,1.325 ,3.365 ,0.044 ,8.58 ,2.34 ,0.48 ,22.5 ,3.64 ,2.75 ,22.07 ,14.5 ,5.2 ,2.8 ,3,"B15,P05,S12"
210,24.329+0.144,Sin,3000.0 ,130.7 ,0.828 ,0.056 ,1.144 ,--,--,0.82 ,13.666 ,0.442 ,8.010 ,0.599 ,1.794 ,31.268 ,0.391 ,0.021 ,6.74 ,1.06 ,1.62 ,23.8 ,4.79 ,3.65 ,23.06 ,100.0 ,6.7 ,14.9 ,5,"B15,CAS09,C95B,P05,Y19"
213,24.541+0.312,Sin,2758.3 ,192.6 ,-0.066 ,0.010 ,-0.059 ,--,--,0.60 ,10.128 ,0.212 ,7.776 ,0.084 ,0.241 ,1.457 ,1.265 ,0.026 ,5.86 ,0.71 ,0.68 ,22.8 ,3.68 ,3.06 ,22.25 ,36.0 ,12.5 ,2.9 ,3,"B15,S00,S12"
223,25.226+0.288,SL,1232.1 ,35.4 ,0.056 ,0.006 ,0.053 ,2.24E-05,6.07E-06,0.62 ,9.431 ,0.057 ,8.466 ,0.076 ,0.195 ,1.609 ,2.979 ,0.063 ,3.73 ,0.69 ,0.73 ,18.8 ,3.41 ,2.93 ,22.77 ,3.2 ,0.7 ,4.6 ,2,"B15,S14"
232,25.710+0.044,Sin,2801.2 ,348.9 ,-0.092 ,0.012 ,-0.081 ,--,--,0.68 ,11.664 ,0.728 ,7.633 ,0.118 ,0.220 ,1.341 ,-0.818 ,0.012 ,5.77 ,0.70 ,1.39 ,29.0 ,5.06 ,3.48 ,22.47 ,607.0 ,225.0 ,2.7 ,5,"B15,M03,P05,S02,Y19"
238,26.527-0.267,Sin,3522.9 ,529.1 ,-0.024 ,0.004 ,-0.022 ,--,--,0.66 ,9.377 ,0.120 ,7.067 ,0.045 ,0.082 ,1.240 ,--,--,6.26 ,0.45 ,0.77 ,23.8 ,3.89 ,3.24 ,22.18 ,9.0 ,3.2 ,2.8 ,3,"B15,P05,S12"
239,26.598-0.024,SL,634.8 ,12.6 ,0.049 ,0.008 ,0.046 ,-6.85E-05,6.84E-06,0.81 ,9.803 ,0.126 ,6.643 ,0.104 ,0.306 ,1.535 ,-0.714 ,0.013 ,12.72 ,0.29 ,0.17 ,26.9 ,3.09 ,1.79 ,22.37 ,14.7 ,8.8 ,1.7 ,6,"B15,C00,F10,S00,S12,Y19"
260,28.532+0.129,Sin,3000.0 ,54.4 ,-0.290 ,0.008 ,-0.235 ,--,--,0.86 ,10.559 ,0.281 ,7.594 ,0.228 ,0.745 ,9.254 ,1.555 ,0.018 ,12.49 ,0.27 ,--,--,--,--,--,2.4 ,1.3 ,1.9 ,4,"B15,B15,S12,Y19"
269,29.320-0.162,SL,1617.5 ,38.7 ,-0.069 ,0.006 ,-0.061 ,-1.75E-04,4.94E-06,0.93 ,11.717 ,0.260 ,8.088 ,0.146 ,0.459 ,4.476 ,1.355 ,0.019 ,10.62 ,0.37 ,--,23.4 ,--,--,22.09 ,8.5 ,2.0 ,4.3 ,4,"B15,P05,S12,Y19"
298,30.972-0.142,SL,1527.3 ,92.4 ,-0.030 ,0.005 ,-0.027 ,-4.47E-05,5.19E-06,0.80 ,10.825 ,0.264 ,7.642 ,0.062 ,0.127 ,1.341 ,0.048 ,0.021 ,4.97 ,0.67 ,1.60 ,14.8 ,3.84 ,3.61 ,22.84 ,25.8 ,14.2 ,1.8 ,3,"B15,S12,Y19"
299,30.973+0.562,SL,1589.2 ,60.1 ,-0.129 ,0.014 ,-0.112 ,1.29E-04,1.37E-05,0.74 ,8.984 ,0.113 ,5.928 ,0.185 ,0.385 ,1.584 ,0.592 ,0.018 ,12.38 ,0.30 ,0.08 ,25.6 ,2.31 ,0.85 ,22.05 ,1.0 ,0.6 ,1.5 ,2,"B15,Y19"
311,32.045+0.059,SL,1558.3 ,115.9 ,-0.133 ,0.031 ,-0.116 ,3.63E-04,2.87E-05,0.97 ,10.866 ,0.179 ,5.400 ,0.395 ,0.772 ,1.515 ,0.139 ,0.026 ,5.11 ,0.49 ,1.63 ,20.7 ,4.62 ,3.77 ,23.15 ,163.3 ,79.4 ,2.1 ,5,"B15,P05,S02,S12,Y19"
323,33.093-0.073,Sin,686.2 ,20.0 ,0.064 ,0.024 ,0.061 ,--,--,0.64 ,12.329 ,0.258 ,9.125 ,0.061 ,0.131 ,1.695 ,1.030 ,0.014 ,6.82 ,0.57 ,--,--,--,--,--,30.0 ,12.2 ,2.5 ,6,"B15,C95B,M03,S00,S12,Y19"
346,35.197-0.743n,SL,586.7 ,19.1 ,-0.080 ,0.022 ,-0.071 ,9.65E-05,2.00E-05,0.81 ,8.597 ,0.120 ,5.802 ,0.229 ,0.408 ,1.204 ,--,--,2.12 ,0.19 ,--,--,--,--,--,560.0 ,107.0 ,5.2 ,6,"B15,C95B,E07,M03,M91,P05"
348,35.247-0.237,Sin,1672.1 ,41.7 ,-0.063 ,0.006 ,-0.056 ,--,--,0.77 ,11.920 ,0.111 ,9.587 ,0.066 ,0.147 ,1.536 ,1.998 ,0.019 ,4.85 ,0.61 ,--,--,--,--,--,2.0 ,1.5 ,1.3 ,4,"B15,P07,S12,Y19"
364,37.043-0.035,Sin,18431.1 ,69752.6 ,-1.284 ,9.130 ,-0.694 ,--,--,0.80 ,11.741 ,0.226 ,9.508 ,0.149 ,0.478 ,1.917 ,2.095 ,0.022 ,4.55 ,0.56 ,0.79 ,19.7 ,3.70 ,3.19 ,22.67 ,9.6 ,6.0 ,1.6 ,4,"B15,O14,P11,Y19"
369,37.479-0.105,SL,1780.3 ,126.3 ,0.049 ,0.009 ,0.046 ,6.14E-05,8.96E-06,0.76 ,13.046 ,0.318 ,10.192 ,0.108 ,0.252 ,1.854 ,2.498 ,0.027 ,9.23 ,0.49 ,0.75 ,22.2 ,3.96 ,3.21 ,22.35 ,12.5 ,3.5 ,3.5 ,7,"B15,P07,P11,P05,S02,S12,Y19,"
371,37.554+0.201,SL,777.6 ,27.3 ,-0.231 ,0.044 ,-0.191 ,-1.19E-04,4.62E-05,0.63 ,7.342 ,0.342 ,2.311 ,0.486 ,0.913 ,1.323 ,-2.288 ,0.005 ,4.42 ,0.51 ,1.08 ,22.5 ,4.36 ,3.29 ,22.91 ,14.7 ,4.0 ,3.7 ,7,"B15,F10,M03,P07,P05,S99,Y19,"
372,37.598+0.425,Sin,1371.4 ,45.9 ,-0.085 ,0.010 ,-0.075 ,--,--,0.54 ,10.770 ,0.072 ,9.433 ,0.101 ,0.271 ,1.719 ,1.524 ,0.018 ,4.58 ,0.52 ,0.21 ,25.5 ,3.53 ,2.43 ,22.18 ,24.3 ,11.2 ,2.2 ,6,"B15,P07,P05,S02,S12,Y19"
379,38.119-0.229,Sin,772.1 ,12.2 ,0.052 ,0.005 ,0.049 ,--,--,0.76 ,9.565 ,0.090 ,7.100 ,0.062 ,0.158 ,1.571 ,0.275 ,0.010 ,4.29 ,0.51 ,0.41 ,26.6 ,4.00 ,2.62 ,22.27 ,7.8 ,1.9 ,4.0 ,5,"B15,P07,S00,S12,Y19"
385,38.598-0.212,SL,1208.7 ,33.5 ,-0.075 ,0.009 ,-0.067 ,-6.72E-05,8.43E-06,0.74 ,11.933 ,0.230 ,9.830 ,0.090 ,0.310 ,1.787 ,3.107 ,0.040 ,8.84 ,0.42 ,--,19.5 ,--,--,22.27 ,0.7 ,0.3 ,2.8 ,4,"B15,P07,P11,Y19"
386,38.653+0.088,SL,679.9 ,23.0 ,-0.030 ,0.007 ,-0.027 ,3.99E-05,6.55E-06,0.78 ,13.645 ,0.404 ,10.954 ,0.079 ,0.149 ,1.312 ,1.449 ,0.019 ,14.00 ,0.45 ,0.99 ,20.5 ,4.02 ,3.61 ,22.27 ,2.2 ,1.5 ,1.5 ,3,"B15,P07,S12"
389,39.388-0.141,Sin,2072.0 ,108.8 ,0.070 ,0.006 ,0.066 ,--,--,0.83 ,9.993 ,0.130 ,7.125 ,0.086 ,0.175 ,1.450 ,0.627 ,0.021 ,8.76 ,0.45 ,0.31 ,28.6 ,3.82 ,2.33 ,22.54 ,1.3 ,0.4 ,3.4 ,4,"B15,P07,S12,Y19"
392,40.282-0.219,SL,1761.4 ,69.9 ,-0.032 ,0.003 ,-0.029 ,-2.68E-05,3.35E-06,0.73 ,9.796 ,0.074 ,7.196 ,0.048 ,0.116 ,1.659 ,-0.259 ,0.014 ,8.41 ,0.50 ,0.65 ,24.6 ,4.51 ,3.34 ,23.08 ,24.5 ,0.6 ,40.1 ,5,"B15,P07,P05,S12,Y19"
393,40.425+0.700,SL,1304.3 ,77.1 ,-0.025 ,0.006 ,-0.023 ,5.47E-05,5.58E-06,0.86 ,10.694 ,0.118 ,8.281 ,0.073 ,0.186 ,1.528 ,-0.596 ,0.021 ,11.59 ,0.33 ,1.79 ,26.7 ,4.82 ,3.61 ,22.40 ,22.3 ,10.4 ,2.1 ,5,"B15,C00,M03,S00,Y19"
394,40.597-0.719,SL,2690.1 ,145.4 ,-0.169 ,0.012 ,-0.144 ,-1.51E-04,1.84E-05,0.98 ,10.540 ,0.127 ,8.304 ,0.129 ,0.430 ,2.725 ,-0.021 ,0.009 ,3.51 ,0.30 ,0.21 ,23.4 ,3.23 ,2.24 ,22.49 ,1.1 ,0.5 ,2.2 ,2,"B15,Y19"
395,40.622-0.138,SL,666.8 ,24.3 ,-0.036 ,0.009 ,-0.033 ,5.18E-05,8.98E-06,0.69 ,10.038 ,0.048 ,6.297 ,0.104 ,0.144 ,1.267 ,-1.842 ,0.004 ,1.92 ,0.07 ,1.70 ,26.0 ,5.00 ,3.68 ,22.74 ,26.0 ,5.9 ,4.4 ,8,"B15,C95B,M03,M91,P07,S00,S12,Y19"
400,41.123-0.220,SL,1458.5 ,68.5 ,0.055 ,0.009 ,0.052 ,4.29E-05,8.46E-06,0.63 ,12.096 ,0.223 ,10.393 ,0.094 ,0.236 ,1.288 ,4.972 ,--,8.18 ,0.51 ,1.09 ,19.8 ,3.82 ,3.55 ,22.36 ,2.6 ,1.3 ,2.0 ,4,"B15,P07,P11,S12"
404,41.348-0.136,SL,689.8 ,21.6 ,-0.019 ,0.004 ,-0.017 ,3.38E-05,3.64E-06,0.82 ,9.943 ,0.032 ,9.560 ,0.048 ,0.103 ,1.497 ,2.419 ,0.020 ,11.12 ,0.36 ,0.55 ,21.0 ,3.71 ,3.03 ,22.21 ,17.8 ,14.1 ,1.3 ,3,"B15,P07,S12"
410,42.435-0.260,SL,718.6 ,45.0 ,-0.112 ,0.058 ,-0.098 ,1.92E-04,4.69E-05,0.66 ,6.122 ,0.389 ,4.867 ,0.433 ,0.720 ,1.168 ,-3.056 ,0.001 ,7.72 ,0.48 ,0.43 ,30.1 ,4.00 ,2.74 ,22.34 ,2.0 ,1.9 ,1.1 ,3,"B15,P07,P11"
422,43.795-0.127,SL,812.9 ,38.5 ,0.026 ,0.007 ,0.024 ,4.45E-05,7.00E-06,0.84 ,9.417 ,0.135 ,6.407 ,0.075 ,0.156 ,1.319 ,--,--,2.72 ,0.38 ,0.64 ,34.9 ,5.09 ,3.12 ,22.88 ,152.0 ,31.6 ,4.8 ,6,"B15,C95B,M91,P07,S00,S12"
427,45.380-0.594,SL,1691.1 ,31.4 ,-0.068 ,0.003 ,-0.061 ,8.31E-05,3.27E-06,0.89 ,10.895 ,0.101 ,7.917 ,0.080 ,0.249 ,3.585 ,1.604 ,0.017 ,7.07 ,0.81 ,--,19.7 ,--,--,22.37 ,2.3 ,2.3 ,1.0 ,1,B15
429,45.467+0.053,SL,755.0 ,13.8 ,-0.158 ,0.017 ,-0.136 ,8.91E-05,1.69E-05,0.89 ,11.021 ,0.134 ,8.924 ,0.214 ,0.592 ,1.466 ,2.854 ,--,7.44 ,0.56 ,2.08 ,29.0 ,5.63 ,3.86 ,22.92 ,5.7 ,3.0 ,1.9 ,5,"B15,C95B,M91,P07,S12"
433,45.804-0.356,SL,544.4 ,16.5 ,-0.019 ,0.005 ,-0.017 ,1.50E-05,4.57E-06,0.68 ,10.801 ,0.109 ,8.194 ,0.056 ,0.084 ,1.130 ,1.518 ,0.019 ,6.69 ,0.69 ,0.37 ,26.5 ,3.95 ,2.66 ,22.46 ,18.1 ,11.3 ,1.6 ,4,"B15,P07,S12,Y19"
435,46.115+0.387,SL,681.8 ,10.5 ,-0.041 ,0.005 ,-0.037 ,6.07E-05,4.07E-06,0.72 ,10.879 ,0.078 ,9.479 ,0.069 ,0.219 ,2.263 ,2.134 ,0.013 ,7.08 ,0.79 ,--,--,--,--,--,1.3 ,1.1 ,1.2 ,3,"B15,P07,S12"
436,46.32-0.25,Sin,2078.4 ,178.6 ,0.109 ,0.021 ,0.106 ,--,--,0.62 ,14.847 ,0.484 ,12.506 ,0.124 ,0.328 ,2.165 ,5.203 ,0.041 ,5.30 ,7.34 ,--,--,--,--,--,0.0 ,0.0 ,1.0 ,1,O14
442,49.265+0.311,SL,1545.0 ,49.3 ,0.083 ,0.008 ,0.079 ,1.72E-04,8.37E-06,0.85 ,10.908 ,0.193 ,7.950 ,0.171 ,0.486 ,4.455 ,1.922 ,0.012 ,9.98 ,0.61 ,0.00 ,20.6 ,-0.30 ,-1.00 ,22.42 ,8.1 ,6.2 ,1.3 ,4,"B15,P07,S12,Y19"
452,49.617-0.360,Sin,3550.9 ,205.9 ,-0.219 ,0.010 ,-0.182 ,--,--,0.81 ,10.241 ,0.279 ,8.551 ,0.202 ,0.579 ,3.074 ,1.671 ,0.035 ,5.47 ,0.32 ,0.25 ,21.0 ,3.11 ,2.46 ,22.12 ,1.2 ,0.8 ,1.5 ,2,"B15,P07"
456,50.779+0.152,SL,3173.6 ,861.6 ,0.058 ,0.019 ,0.055 ,-1.13E-04,2.09E-05,0.83 ,10.256 ,0.112 ,7.383 ,0.105 ,0.283 ,3.352 ,0.552 ,0.015 ,5.42 ,0.67 ,0.22 ,19.6 ,2.87 ,2.26 ,22.39 ,17.8 ,2.9 ,6.1 ,5,"B15,M98,P07,S12,Y19"
459,52.199+0.723,SL,3000.0 ,866.2 ,0.234 ,0.091 ,0.240 ,3.13E-04,1.15E-04,0.88 ,7.455 ,0.202 ,5.323 ,0.358 ,0.782 ,1.618 ,-0.718 ,0.020 ,9.64 ,0.38 ,0.96 ,25.0 ,4.53 ,3.31 ,22.36 ,5.3 ,4.2 ,1.3 ,3,"B15,S12,Y19"
460,52.663-1.092,Sin,3107.3 ,430.0 ,-0.080 ,0.011 ,-0.071 ,--,--,0.76 ,10.170 ,0.133 ,8.075 ,0.107 ,0.191 ,1.849 ,0.952 ,0.010 ,4.92 ,1.36 ,0.20 ,25.5 ,3.17 ,1.94 ,22.10 ,26.6 ,2.5 ,10.9 ,3,"B15,V96,Y19"
463,53.142+0.071,Sin,1533.1 ,54.0 ,-0.325 ,0.038 ,-0.258 ,--,--,0.73 ,7.591 ,0.234 ,3.309 ,0.416 ,0.942 ,1.313 ,-1.597 ,0.007 ,8.27 ,0.65 ,0.64 ,21.8 ,3.97 ,3.07 ,23.01 ,2.6 ,1.0 ,2.5 ,6,"B15,P07,S14,S00,S12,Y19"
464,53.618+0.035,SL,1338.3 ,72.6 ,0.049 ,0.009 ,0.046 ,9.86E-05,8.32E-06,0.82 ,9.955 ,0.171 ,6.904 ,0.120 ,0.274 ,1.602 ,0.199 ,0.024 ,8.60 ,0.60 ,0.60 ,21.1 ,3.59 ,2.81 ,22.67 ,18.9 ,0.9 ,21.5 ,5,"B15,P07,S14,S12,Y19"
467,58.775+0.644,Sin,20000.0 ,272395.4 ,-1.641 ,43.868 ,-0.779 ,--,--,0.61 ,8.798 ,0.379 ,6.302 ,0.145 ,0.287 ,1.204 ,--,--,3.15 ,0.37 ,0.25 ,28.1 ,3.43 ,1.99 ,22.50 ,6.3 ,2.8 ,2.3 ,4,"B15,S00,S12,Y19"
469,59.783+0.065,SL,3000.0 ,851.7 ,-0.247 ,0.085 ,-0.204 ,1.44E-04,1.12E-04,0.85 ,6.985 ,0.274 ,2.501 ,0.415 ,0.766 ,1.119 ,-2.657 ,0.002 ,3.21 ,0.72 ,0.66 ,23.6 ,3.93 ,2.87 ,23.02 ,103.0 ,14.5 ,7.1 ,7,"B15,C95B,G04,M91,S00,S12,Y19,"
470,59.833+0.672,SL,5998.1 ,9176.4 ,0.220 ,0.868 ,0.225 ,1.90E-04,5.73E-04,0.64 ,9.654 ,0.080 ,7.478 ,0.066 ,0.159 ,1.447 ,0.333 ,0.010 ,4.09 ,0.27 ,0.19 ,30.1 ,3.38 ,1.91 ,22.45 ,31.0 ,14.6 ,2.1 ,5,"B15,F10,S99,S12,Y19"
471,60.57-0.19,Line,--,--,--,--,--,2.00E-04,1.79E-05,0.64 ,8.169 ,0.073 ,5.404 ,0.295 ,0.831 ,1.534 ,-1.914 ,0.002 ,8.00 ,0.36 ,--,--,--,--,--,7.4 ,4.1 ,1.8 ,2,"S00,S12"
475,73.06+1.80,SL,2196.9 ,100.9 ,0.212 ,0.017 ,0.216 ,2.95E-04,1.64E-05,0.92 ,8.573 ,0.200 ,5.635 ,0.363 ,0.956 ,1.856 ,-1.315 ,0.007 ,3.08 ,0.63 ,--,--,--,--,--,32.0 ,1.6 ,20.0 ,5,"F10,S99,S00,S12,Y19"
477,78.122+3.633,Sin,4000.1 ,1940.6 ,0.263 ,0.147 ,0.275 ,--,--,0.66 ,7.554 ,0.198 ,3.488 ,0.548 ,0.609 ,1.114 ,-2.511 ,0.002 ,4.74 ,0.91 ,--,--,--,--,--,61.0 ,34.1 ,1.8 ,7,"F10,G04,S99,S00,S12,Y17,V08,"
492,108.184+5.519,SL,767.4 ,22.7 ,-0.059 ,0.011 ,-0.053 ,9.17E-05,1.01E-05,0.78 ,9.728 ,0.231 ,7.068 ,0.168 ,0.387 ,1.297 ,-0.033 ,0.015 ,0.82 ,0.07 ,--,--,--,--,--,109.0 ,42.1 ,2.6 ,5,"F10,S99,S12,V11,Y17"
511,189.471-1.216,SL,1744.1 ,201.3 ,-0.036 ,0.014 ,-0.032 ,1.12E-04,1.19E-05,0.85 ,15.876 ,0.348 ,13.308 ,0.155 ,0.343 ,1.425 ,3.771 ,0.021 ,2.10 ,0.03 ,--,--,--,--,--,2.1 ,2.1 ,1.0 ,1,MMB
523,254.880+0.451,SL,1457.5 ,34.6 ,0.045 ,0.004 ,0.042 ,5.39E-05,3.52E-06,0.75 ,12.467 ,0.147 ,9.482 ,0.063 ,0.195 ,1.786 ,1.400 ,0.008 ,3.08 ,0.76 ,--,--,--,--,--,1.8 ,1.8 ,1.0 ,1,MMB
525,263.250+0.514,Sin,5999.4 ,1455.5 ,-0.170 ,0.055 ,-0.145 ,--,--,0.88 ,8.166 ,0.117 ,7.025 ,0.112 ,0.321 ,1.567 ,--,--,3.03 ,0.40 ,--,--,--,--,--,82.0 ,54.0 ,1.5 ,4,"MMB,S93,V11,W97"
533,284.352-0.419,SL,806.4 ,45.1 ,-0.029 ,0.011 ,-0.026 ,-4.64E-05,8.79E-06,0.70 ,10.394 ,0.095 ,9.308 ,0.144 ,0.180 ,1.099 ,--,--,4.83 ,0.75 ,--,--,--,--,--,2.7 ,2.1 ,1.3 ,2,"MMB,C95B"
536,286.383-1.834,SL,1492.1 ,41.4 ,-0.052 ,0.006 ,-0.047 ,1.16E-04,4.66E-06,0.75 ,9.582 ,0.098 ,8.222 ,0.113 ,0.312 ,2.191 ,1.559 ,0.010 ,5.98 ,0.71 ,--,--,--,--,--,17.6 ,17.6 ,1.0 ,1,MMB
542,291.579-0.431,SL,767.9 ,51.8 ,0.030 ,0.010 ,0.028 ,-7.43E-05,1.03E-05,0.66 ,10.880 ,0.197 ,8.502 ,0.096 ,0.305 ,1.728 ,--,--,7.46 ,0.60 ,--,--,--,--,--,3.4 ,3.4 ,1.0 ,2,"C95B,P05"
545,291.879-0.810,Sin,4945.6 ,1327.8 ,0.194 ,0.080 ,0.195 ,--,--,0.80 ,12.171 ,0.113 ,10.053 ,0.096 ,0.284 ,2.257 ,1.653 ,0.019 ,9.17 ,0.69 ,--,--,--,--,--,1.3 ,1.3 ,1.0 ,1,MMB
547,292.468+0.168,SL,621.6 ,6.0 ,-0.053 ,0.004 ,-0.048 ,3.20E-05,3.80E-06,0.67 ,10.997 ,0.080 ,9.591 ,0.072 ,0.179 ,1.759 ,3.862 ,0.027 ,7.46 ,0.63 ,--,--,--,--,--,6.2 ,6.2 ,1.0 ,1,MMB
548,293.723-1.742,SL,1177.0 ,34.0 ,-0.047 ,0.006 ,-0.042 ,6.93E-05,5.05E-06,0.72 ,12.212 ,0.133 ,10.801 ,0.097 ,0.290 ,1.752 ,4.456 ,0.103 ,8.72 ,0.69 ,--,--,--,--,--,0.8 ,0.8 ,1.0 ,1,MMB
552,294.511-1.621,SL,1225.0 ,48.3 ,-0.038 ,0.005 ,-0.034 ,6.79E-05,5.04E-06,0.79 ,9.885 ,0.119 ,6.794 ,0.094 ,0.259 ,1.591 ,-1.048 ,0.011 ,2.37 ,0.35 ,--,--,--,--,--,18.0 ,9.0 ,2.0 ,4,"C95B,MMB,G04,W97"
554,294.990-1.719,Sin,2588.4 ,70.2 ,0.244 ,0.016 ,0.252 ,--,--,0.66 ,8.294 ,0.183 ,5.997 ,0.239 ,0.827 ,2.405 ,-1.204 ,0.019 ,2.25 ,0.35 ,--,--,--,--,--,19.0 ,9.1 ,2.1 ,2,"MMB,P05"
555,296.893-1.305,Line,--,--,--,--,--,-4.86E-05,2.45E-06,0.84 ,9.714 ,0.065 ,8.474 ,0.054 ,0.170 ,1.757 ,--,--,9.21 ,0.57 ,--,--,--,--,--,6.0 ,2.3 ,2.6 ,2,"MMB,V96"
560,298.632-0.362,Line,--,--,--,--,--,-2.15E-04,1.20E-05,0.82 ,9.909 ,0.824 ,7.329 ,0.243 ,0.616 ,1.989 ,0.840 ,0.019 ,10.96 ,0.77 ,--,--,--,--,--,1.4 ,1.4 ,1.0 ,1,MMB
564,300.504-0.176,SL,1555.1 ,83.4 ,0.045 ,0.009 ,0.042 ,6.01E-05,7.63E-06,0.74 ,9.304 ,0.156 ,7.545 ,0.111 ,0.195 ,1.314 ,-2.151 ,0.005 ,9.13 ,0.62 ,2.10 ,26.1 ,4.97 ,3.76 ,22.80 ,7.0 ,3.5 ,2.0 ,4,"MMB,C95B,G93,W97"
569,302.455-0.741,Sin,1862.5 ,24.0 ,0.334 ,0.011 ,0.360 ,--,--,0.84 ,8.643 ,0.109 ,6.163 ,0.275 ,0.740 ,3.064 ,-0.363 ,0.016 ,11.03 ,0.54 ,0.15 ,26.5 ,3.13 ,1.68 ,22.14 ,1.3 ,1.3 ,1.0 ,1,MMB
570,303.507-0.721,Sin,3494.6 ,89.2 ,-0.146 ,0.004 ,-0.126 ,--,--,0.91 ,9.310 ,0.116 ,8.207 ,0.117 ,0.352 ,3.943 ,1.658 ,0.018 ,10.33 ,0.61 ,--,--,--,--,--,1.6 ,1.6 ,1.0 ,1,MMB
571,303.846-0.363,Sin,2661.8 ,25.4 ,-0.345 ,0.007 ,-0.272 ,--,--,0.93 ,12.289 ,0.308 ,10.391 ,0.246 ,0.776 ,5.414 ,3.324 ,0.023 ,11.12 ,0.46 ,--,--,--,--,--,6.9 ,6.9 ,1.0 ,1,MMB
573,304.367-0.336,Sin,2762.6 ,113.0 ,0.207 ,0.011 ,0.210 ,--,--,0.66 ,9.923 ,0.117 ,7.310 ,0.197 ,0.619 ,4.153 ,-1.278 ,0.006 ,11.54 ,0.50 ,0.56 ,28.2 ,4.44 ,2.79 ,22.08 ,1.5 ,1.5 ,1.0 ,1,MMB
582,305.475-0.096,SL,1271.3 ,74.7 ,-0.018 ,0.004 ,-0.017 ,3.65E-05,3.36E-06,0.76 ,9.543 ,0.058 ,7.024 ,0.056 ,0.140 ,1.487 ,0.071 ,0.024 ,5.66 ,0.69 ,0.57 ,20.5 ,3.52 ,2.84 ,22.73 ,2.6 ,2.6 ,1.0 ,1,MMB
589,305.822-0.115,SL,5072.6 ,4668.4 ,-1.114 ,2.684 ,-0.642 ,-1.00E-03,2.11E-03,0.71 ,11.922 ,0.334 ,8.626 ,0.268 ,0.612 ,2.860 ,1.796 ,0.022 ,5.52 ,0.69 ,0.44 ,18.6 ,3.33 ,2.88 ,22.76 ,2.9 ,2.9 ,1.0 ,1,MMB
591,305.940-0.164,Sin,4000.0 ,920.3 ,-0.086 ,0.015 ,-0.076 ,--,--,0.60 ,7.838 ,0.074 ,5.827 ,0.168 ,0.258 ,1.136 ,-0.956 ,0.014 ,5.31 ,0.64 ,0.15 ,24.4 ,3.37 ,2.24 ,22.29 ,0.9 ,0.9 ,1.0 ,1,MMB
593,307.132-0.476,Sin,2848.4 ,164.1 ,-0.044 ,0.004 ,-0.040 ,--,--,0.71 ,12.284 ,0.130 ,9.926 ,0.053 ,0.130 ,1.492 ,2.684 ,0.024 ,5.20 ,0.85 ,--,--,--,--,--,1.8 ,1.8 ,1.0 ,1,MMB
597,308.651-0.507,SL,2119.6 ,607.0 ,0.013 ,0.006 ,0.013 ,2.45E-05,8.19E-06,0.64 ,9.529 ,0.101 ,8.095 ,0.071 ,0.112 ,1.112 ,0.129 ,0.013 ,10.67 ,0.57 ,0.78 ,25.5 ,4.47 ,3.32 ,22.58 ,4.0 ,4.0 ,1.0 ,1,MMB
600,308.754+0.549,Sin,3171.1 ,278.3 ,-0.035 ,0.005 ,-0.032 ,--,--,0.72 ,9.676 ,0.155 ,7.536 ,0.059 ,0.110 ,1.254 ,-1.429 ,0.021 ,4.46 ,1.35 ,0.62 ,27.6 ,4.17 ,2.90 ,22.42 ,11.6 ,11.6 ,1.0 ,1,MMB
607,311.230-0.032,SL,1679.2 ,55.8 ,-0.270 ,0.032 ,-0.220 ,1.09E-04,2.72E-05,0.87 ,9.299 ,0.400 ,6.189 ,0.387 ,0.782 ,1.775 ,--,--,12.84 ,0.59 ,0.62 ,24.1 ,4.19 ,3.15 ,22.16 ,1.9 ,1.9 ,1.0 ,1,MMB
609,311.628+0.266,SL,1643.1 ,70.9 ,-0.043 ,0.006 ,-0.039 ,9.96E-05,5.08E-06,0.79 ,11.906 ,0.119 ,8.181 ,0.099 ,0.319 ,2.540 ,1.278 ,0.021 ,4.33 ,0.55 ,0.34 ,22.1 ,3.57 ,2.66 ,22.61 ,4.3 ,4.3 ,1.0 ,1,MMB
616,312.501-0.084,Sin,1750.6 ,160.8 ,0.094 ,0.024 ,0.091 ,--,--,0.42 ,10.769 ,0.381 ,9.036 ,0.280 ,0.461 ,1.081 ,--,--,12.86 ,0.65 ,--,--,--,--,--,1.5 ,1.5 ,1.0 ,1,MMB
620,312.702-0.087,Sin,810.0 ,6.0 ,0.194 ,0.009 ,0.196 ,--,--,0.74 ,12.820 ,0.208 ,10.111 ,0.170 ,0.504 ,4.591 ,2.712 ,0.029 ,4.19 ,0.52 ,--,--,--,--,--,1.4 ,1.4 ,1.0 ,1,MMB
622,313.577+0.325,SL,2166.1 ,144.1 ,0.052 ,0.007 ,0.049 ,4.31E-05,6.58E-06,0.71 ,10.001 ,0.105 ,7.810 ,0.088 ,0.223 ,1.518 ,-0.894 ,0.006 ,3.90 ,0.53 ,0.17 ,28.7 ,3.73 ,2.17 ,22.61 ,104.1 ,104.1 ,1.0 ,1,MMB
624,313.767-0.863,SL,3020.6 ,211.3 ,0.187 ,0.013 ,0.188 ,1.13E-04,1.40E-05,0.94 ,9.870 ,0.184 ,6.670 ,0.167 ,0.483 ,2.443 ,-0.211 ,0.015 ,3.82 ,0.54 ,0.57 ,21.8 ,3.98 ,3.05 ,22.99 ,40.0 ,22.3 ,1.8 ,2,"MMB,W97"
629,315.803-0.575,Sin,2610.4 ,118.7 ,0.058 ,0.006 ,0.055 ,--,--,0.66 ,11.228 ,0.190 ,8.895 ,0.073 ,0.195 ,1.333 ,0.931 ,0.020 ,12.51 ,0.59 ,0.62 ,25.7 ,4.05 ,2.84 ,21.95 ,3.9 ,3.9 ,1.0 ,1,MMB
632,316.412-0.308,SL,1444.0 ,29.5 ,0.082 ,0.006 ,0.079 ,-3.41E-05,5.52E-06,0.71 ,12.953 ,0.363 ,10.063 ,0.085 ,0.238 ,1.646 ,--,--,11.44 ,0.43 ,0.57 ,25.5 ,4.41 ,3.15 ,22.50 ,10.0 ,9.0 ,1.1 ,2,"MMB,C95B"
633,316.484-0.310,Sin,2587.4 ,57.4 ,-0.574 ,0.022 ,-0.411 ,--,--,0.79 ,13.038 ,0.490 ,9.104 ,0.461 ,1.621 ,19.892 ,--,--,11.05 ,0.41 ,--,--,--,--,--,2.3 ,2.3 ,1.0 ,1,MMB
645,319.163-0.421,SL,692.0 ,33.6 ,-0.020 ,0.007 ,-0.018 ,4.72E-05,6.31E-06,0.68 ,8.104 ,0.084 ,6.374 ,0.087 ,0.158 ,1.205 ,--,--,1.41 ,0.19 ,2.87 ,23.9 ,5.41 ,4.25 ,22.87 ,6.9 ,6.9 ,1.0 ,1,MMB
647,320.123-0.504,Line,--,--,--,--,--,1.31E-04,4.69E-06,0.86 ,10.053 ,0.141 ,6.862 ,0.123 ,0.408 ,3.819 ,--,--,12.16 ,0.46 ,0.09 ,26.1 ,2.20 ,0.86 ,22.35 ,4.6 ,3.7 ,1.3 ,2,"MMB,W97"
652,320.424+0.089,Sin,4000.0 ,179.8 ,0.340 ,0.012 ,0.368 ,--,--,0.90 ,13.311 ,0.513 ,10.092 ,0.257 ,0.841 ,6.015 ,3.011 ,0.034 ,12.15 ,0.39 ,1.82 ,20.0 ,4.54 ,3.89 ,22.83 ,1.5 ,1.5 ,1.0 ,1,MMB
653,320.625+0.098,Sin,18084.7 ,49556.5 ,-1.168 ,6.269 ,-0.659 ,--,--,0.80 ,11.648 ,0.083 ,9.146 ,0.059 ,0.217 ,3.238 ,1.565 ,0.021 ,12.21 ,0.39 ,--,--,--,--,--,0.8 ,0.8 ,1.0 ,1,MMB
654,320.780+0.248,SL,660.8 ,26.2 ,0.021 ,0.007 ,0.019 ,-3.32E-05,5.93E-06,0.64 ,11.413 ,0.090 ,10.105 ,0.070 ,0.126 ,1.196 ,0.989 ,0.024 ,12.37 ,0.39 ,2.32 ,24.5 ,4.82 ,3.87 ,22.46 ,40.0 ,40.0 ,1.0 ,1,MMB
664,323.793-0.397,Sin,18028.6 ,79168.9 ,-1.968 ,16.735 ,-0.837 ,--,--,0.80 ,11.629 ,0.495 ,9.251 ,0.163 ,0.423 ,1.835 ,2.209 ,0.017 ,1.37 ,0.19 ,0.14 ,18.5 ,2.40 ,1.98 ,22.31 ,2.1 ,2.1 ,1.0 ,1,MMB
667,324.789-0.378,SL,1268.5 ,36.3 ,0.041 ,0.004 ,0.038 ,-5.05E-05,4.14E-06,0.71 ,10.528 ,0.078 ,8.441 ,0.071 ,0.235 ,2.770 ,2.709 ,0.015 ,13.98 ,0.69 ,--,--,--,--,--,1.7 ,1.7 ,1.0 ,1,MMB
668,324.915+0.158,SL,2172.5 ,126.6 ,-0.116 ,0.010 ,-0.101 ,4.80E-05,1.33E-05,0.66 ,12.205 ,0.164 ,9.838 ,0.140 ,0.463 ,1.956 ,2.149 ,0.019 ,13.31 ,0.40 ,--,22.5 ,--,--,22.04 ,12.1 ,12.1 ,1.0 ,1,MMB
670,325.659-0.022,SL,5999.5 ,8484.0 ,0.506 ,1.876 ,0.594 ,-4.42E-04,1.24E-03,0.76 ,11.919 ,0.235 ,9.906 ,0.143 ,0.273 ,1.856 ,1.395 ,0.014 ,16.33 ,0.51 ,--,--,--,--,--,2.3 ,2.3 ,1.0 ,1,MMB
686,327.566-0.850,Sin,2972.0 ,198.7 ,-0.112 ,0.012 ,-0.098 ,--,--,0.65 ,9.281 ,0.176 ,6.536 ,0.151 ,0.349 ,1.691 ,-0.003 ,0.026 ,1.38 ,0.19 ,0.44 ,25.1 ,3.82 ,2.59 ,22.93 ,15.0 ,15.0 ,1.0 ,1,MMB
693,328.140-0.432,SL,740.6 ,23.7 ,0.033 ,0.008 ,0.030 ,7.12E-05,6.67E-06,0.81 ,9.769 ,0.128 ,7.462 ,0.106 ,0.197 ,2.137 ,1.232 ,0.026 ,2.88 ,0.31 ,0.41 ,20.5 ,3.14 ,2.49 ,22.69 ,4.2 ,4.2 ,1.0 ,1,MMB
697,328.385+0.131,Sin,2676.9 ,90.2 ,0.117 ,0.004 ,0.114 ,--,--,0.93 ,9.864 ,0.115 ,7.638 ,0.090 ,0.304 ,3.021 ,2.204 ,0.026 ,16.88 ,0.52 ,--,--,--,--,--,1.9 ,1.9 ,1.0 ,1,MMB
705,329.066-0.308,SL,1546.7 ,86.9 ,0.048 ,0.009 ,0.046 ,1.25E-04,7.82E-06,0.83 ,10.912 ,0.144 ,6.659 ,0.133 ,0.371 ,2.158 ,-0.141 ,0.016 ,2.89 ,0.27 ,0.62 ,16.2 ,3.35 ,3.14 ,23.09 ,24.0 ,21.9 ,1.1 ,2,"MMB,E96"
706,329.183-0.314,Sin,2939.1 ,367.1 ,0.056 ,0.007 ,0.053 ,--,--,0.76 ,12.596 ,0.232 ,8.307 ,0.075 ,0.162 ,1.386 ,0.827 ,0.014 ,3.05 ,0.24 ,0.57 ,25.1 ,4.10 ,2.90 ,23.10 ,13.0 ,10.7 ,1.2 ,3,"MMB,C95B,M92A"
711,329.407-0.459,SL,611.6 ,18.8 ,-0.056 ,0.013 ,-0.050 ,4.62E-05,1.18E-05,0.72 ,10.770 ,0.205 ,6.959 ,0.142 ,0.282 ,1.253 ,--,--,4.36 ,1.24 ,--,--,--,--,--,175.0 ,122.0 ,1.4 ,4,"MMB,C95B,M92A,W97"
712,329.469+0.503,SL,2743.6 ,634.8 ,-0.036 ,0.011 ,-0.033 ,2.66E-05,1.64E-05,0.73 ,11.625 ,0.148 ,8.956 ,0.067 ,0.097 ,1.141 ,--,--,7.47 ,1.99 ,0.82 ,20.7 ,3.88 ,3.19 ,22.88 ,21.6 ,17.6 ,1.2 ,2,"MMB,P05"
726,331.120-0.118,Sin,2081.5 ,46.2 ,-0.159 ,0.009 ,-0.136 ,--,--,0.71 ,11.979 ,0.158 ,8.835 ,0.140 ,0.427 ,3.953 ,3.456 ,0.031 ,5.10 ,0.43 ,0.36 ,24.4 ,3.53 ,2.62 ,22.07 ,9.4 ,2.6 ,3.7 ,2,"MMB,P05"
728,331.134+0.156,SL,2470.4 ,119.4 ,-0.148 ,0.008 ,-0.128 ,-1.10E-04,9.38E-06,0.76 ,13.124 ,0.418 ,9.199 ,0.167 ,0.659 ,5.150 ,3.320 ,0.027 ,9.88 ,0.49 ,2.11 ,18.3 ,3.97 ,3.79 ,22.65 ,2.0 ,2.0 ,1.0 ,1,MMB
730,331.342-0.346,Line,--,--,--,--,--,-1.21E-04,1.13E-05,0.69 ,9.971 ,0.154 ,6.198 ,0.176 ,0.461 ,1.569 ,-0.465 ,0.077 ,10.17 ,0.41 ,0.98 ,26.3 ,4.52 ,2.96 ,22.65 ,124.1 ,48.0 ,2.6 ,5,"MMB,C95B,E96,M92A,W97"
733,331.442-0.187,SL,2235.9 ,115.9 ,-0.121 ,0.010 ,-0.105 ,1.83E-04,1.12E-05,0.86 ,13.209 ,0.431 ,9.061 ,0.166 ,0.606 ,3.603 ,--,--,5.02 ,0.42 ,1.78 ,19.5 ,4.18 ,3.52 ,23.17 ,81.0 ,54.4 ,1.5 ,4,"MMB,P05,V95,M03"
744,332.352-0.117,SL,1215.1 ,132.9 ,0.020 ,0.009 ,0.019 ,6.17E-05,8.35E-06,0.89 ,8.814 ,0.144 ,6.441 ,0.107 ,0.199 ,1.341 ,0.199 ,0.023 ,2.87 ,0.26 ,0.60 ,27.9 ,3.89 ,2.51 ,22.37 ,6.6 ,6.6 ,1.0 ,1,MMB
746,332.560-0.148,SL,1351.9 ,32.7 ,0.090 ,0.008 ,0.086 ,-4.93E-05,7.64E-06,0.68 ,11.613 ,0.281 ,8.908 ,0.108 ,0.265 ,1.702 ,0.717 ,0.024 ,3.01 ,0.24 ,0.47 ,21.0 ,3.34 ,2.81 ,22.50 ,6.8 ,3.1 ,2.2 ,3,"MMB,M03,P05"
747,332.583+0.147,SL,702.2 ,14.8 ,-0.038 ,0.006 ,-0.034 ,6.18E-05,5.23E-06,0.76 ,13.268 ,0.323 ,9.836 ,0.074 ,0.238 ,1.731 ,3.840 ,0.074 ,2.82 ,0.28 ,0.27 ,18.3 ,2.53 ,2.25 ,22.45 ,7.1 ,7.1 ,1.0 ,1,MMB
752,332.813-0.701,Sin,1767.8 ,100.5 ,0.038 ,0.005 ,0.036 ,--,--,0.61 ,10.400 ,0.188 ,7.443 ,0.066 ,0.158 ,1.249 ,0.702 ,0.032 ,2.99 ,0.25 ,0.71 ,22.3 ,3.72 ,2.75 ,22.49 ,12.9 ,12.9 ,1.0 ,1,MMB
761,333.029-0.063,SL,2000.0 ,349.5 ,0.027 ,0.011 ,0.025 ,6.58E-05,1.00E-05,0.82 ,8.360 ,0.132 ,6.291 ,0.113 ,0.181 ,1.242 ,-1.267 ,0.020 ,2.81 ,0.28 ,0.43 ,30.8 ,4.10 ,2.40 ,22.51 ,10.0 ,1.8 ,5.4 ,3,"MMB,M03,P05"
762,333.068-0.447,SL,1228.0 ,100.5 ,-0.246 ,0.074 ,-0.203 ,4.36E-04,8.07E-05,0.77 ,9.906 ,0.222 ,4.899 ,0.687 ,1.632 ,1.546 ,-2.444 ,--,2.99 ,0.23 ,1.52 ,--,--,--,--,24.5 ,10.0 ,2.5 ,3,"MMB,C95B,P05"
771,333.184-0.091,Sin,17452.8 ,38069.3 ,-2.000 ,8.415 ,-0.842 ,--,--,0.86 ,9.686 ,0.232 ,6.862 ,0.145 ,0.484 ,3.155 ,1.781 ,0.057 ,4.81 ,0.38 ,0.86 ,23.7 ,4.06 ,3.14 ,22.62 ,12.5 ,1.9 ,6.6 ,3,"MMB,M03,P05"
772,333.234-0.060,SL,2797.0 ,473.4 ,-0.084 ,0.016 ,-0.075 ,-1.09E-04,2.30E-05,0.79 ,12.268 ,0.251 ,7.178 ,0.135 ,0.352 ,3.012 ,1.405 ,0.033 ,4.82 ,0.38 ,--,--,--,--,--,9.6 ,1.8 ,5.3 ,4,"MMB,C95B,M03,P05"
774,333.315+0.105,Sin,3175.5 ,133.1 ,-0.158 ,0.010 ,-0.135 ,--,--,0.83 ,10.094 ,0.150 ,6.567 ,0.159 ,0.469 ,2.530 ,-1.118 ,0.013 ,2.84 ,0.26 ,0.71 ,23.3 ,3.92 ,2.90 ,22.86 ,13.2 ,9.6 ,1.4 ,2,"MMB,P05"
780,333.761-0.226,SL,2036.6 ,56.0 ,-0.078 ,0.005 ,-0.069 ,-7.86E-05,4.42E-06,0.89 ,9.314 ,0.067 ,6.737 ,0.098 ,0.319 ,2.537 ,--,--,3.00 ,0.24 ,0.36 ,17.4 ,2.78 ,2.46 ,22.46 ,2.7 ,2.7 ,1.0 ,1,MMB
784,334.138-0.023,SL,2166.3 ,147.4 ,-0.078 ,0.010 ,-0.069 ,-4.11E-05,9.49E-06,0.68 ,10.371 ,0.197 ,8.384 ,0.126 ,0.303 ,1.750 ,--,--,2.78 ,0.31 ,0.12 ,25.0 ,2.63 ,1.43 ,22.00 ,3.9 ,3.9 ,1.0 ,1,MMB
792,335.585-0.285,Sin,3388.2 ,423.3 ,0.112 ,0.018 ,0.108 ,--,--,0.75 ,11.474 ,0.368 ,9.146 ,0.172 ,0.349 ,1.396 ,0.090 ,0.022 ,2.93 ,0.23 ,--,--,--,--,--,110.0 ,91.0 ,1.2 ,5,"MMB,C95C,C95B,M03,W97"
793,335.585-0.289,SL,1210.4 ,37.1 ,0.050 ,0.006 ,0.047 ,4.30E-05,4.99E-06,0.72 ,10.144 ,0.072 ,6.521 ,0.082 ,0.203 ,1.556 ,0.151 ,0.022 ,3.00 ,0.25 ,--,--,--,--,--,91.0 ,91.0 ,1.0 ,1,MMB
794,335.585-0.290,SL,1346.3 ,62.0 ,0.043 ,0.006 ,0.040 ,4.34E-05,5.62E-06,0.62 ,10.144 ,0.073 ,6.522 ,0.082 ,0.203 ,1.580 ,0.151 ,0.022 ,2.94 ,0.23 ,0.84 ,23.1 ,4.29 ,3.24 ,23.39 ,54.0 ,54.0 ,1.0 ,1,MMB
798,335.824-0.177,SL,1477.2 ,34.6 ,-0.063 ,0.005 ,-0.056 ,6.56E-05,4.59E-06,0.81 ,11.785 ,0.236 ,9.524 ,0.075 ,0.258 ,1.862 ,2.765 ,0.040 ,2.62 ,0.34 ,--,--,--,--,--,1.4 ,1.4 ,1.0 ,1,MMB
802,336.433-0.262,SL,1584.8 ,49.0 ,-0.056 ,0.006 ,-0.051 ,8.78E-05,5.43E-06,0.88 ,11.609 ,0.298 ,8.685 ,0.098 ,0.251 ,2.199 ,1.600 ,0.093 ,4.50 ,0.34 ,1.80 ,24.8 ,4.86 ,3.55 ,22.60 ,46.0 ,32.0 ,1.4 ,5,"MMB,C95B,M03,P98,W97"
803,336.464-0.157,SL,5890.7 ,14858.2 ,0.164 ,1.077 ,0.163 ,1.95E-04,7.27E-04,0.82 ,11.128 ,0.243 ,8.689 ,0.096 ,0.247 ,1.498 ,1.600 ,0.066 ,4.49 ,0.33 ,0.90 ,22.6 ,3.70 ,2.77 ,22.36 ,1.2 ,1.2 ,1.0 ,1,MMB
811,336.864+0.005,Sin,18016.7 ,194173.5 ,0.333 ,6.922 ,0.359 ,--,--,0.62 ,10.514 ,0.134 ,8.588 ,0.065 ,0.106 ,1.140 ,--,--,4.44 ,0.32 ,2.06 ,--,--,--,--,66.2 ,34.0 ,1.9 ,3,"MMB,M03,P05"
814,336.941-0.156,Sin,3063.8 ,231.9 ,0.045 ,0.004 ,0.042 ,--,--,0.72 ,11.403 ,0.112 ,8.263 ,0.051 ,0.126 ,1.465 ,0.907 ,0.019 ,4.39 ,0.39 ,0.83 ,26.1 ,4.07 ,3.03 ,22.35 ,33.9 ,18.8 ,1.8 ,3,"MMB,M03,P05"
819,337.052-0.226,Sin,660.0 ,4.5 ,0.398 ,0.022 ,0.443 ,--,--,0.66 ,10.279 ,0.258 ,6.341 ,0.357 ,1.146 ,4.180 ,0.684 ,0.014 ,4.40 ,0.33 ,0.51 ,25.5 ,3.91 ,2.47 ,22.00 ,23.4 ,23.4 ,1.0 ,1,MMB
824,337.201+0.114,Sin,4463.2 ,646.5 ,0.201 ,0.040 ,0.204 ,--,--,0.85 ,11.520 ,0.194 ,8.674 ,0.099 ,0.378 ,2.977 ,1.683 ,0.025 ,11.53 ,0.34 ,0.88 ,30.8 ,4.45 ,2.98 ,22.08 ,13.9 ,13.9 ,1.0 ,1,MMB
826,337.258-0.101,Sin,3223.8 ,270.4 ,-0.056 ,0.005 ,-0.050 ,--,--,0.60 ,13.613 ,0.370 ,9.532 ,0.059 ,0.186 ,2.433 ,3.882 ,0.052 ,4.38 ,0.34 ,2.24 ,19.9 ,4.44 ,4.02 ,22.83 ,15.0 ,8.1 ,1.9 ,2,"MMB,P05"
828,337.300-0.874,SL,1271.8 ,98.0 ,-0.037 ,0.010 ,-0.033 ,2.81E-05,8.84E-06,0.63 ,10.609 ,0.139 ,8.222 ,0.112 ,0.218 ,1.334 ,2.201 ,0.044 ,9.53 ,1.37 ,0.50 ,19.6 ,3.42 ,2.84 ,22.66 ,2.0 ,2.0 ,1.0 ,1,MMB
844,338.075+0.012,SL,1212.2 ,72.7 ,-0.033 ,0.008 ,-0.030 ,-3.55E-05,6.75E-06,0.66 ,11.155 ,0.164 ,8.656 ,0.092 ,0.162 ,1.280 ,0.265 ,0.018 ,11.77 ,0.34 ,0.79 ,26.3 ,4.46 ,3.22 ,23.09 ,18.8 ,11.9 ,1.6 ,5,"MMB,C95B,M03,P05,W97"
846,338.140+0.178,Sin,2341.4 ,96.5 ,-0.056 ,0.005 ,-0.051 ,--,--,0.82 ,11.965 ,0.204 ,9.213 ,0.068 ,0.153 ,1.350 ,2.643 ,0.054 ,2.60 ,0.28 ,0.25 ,18.0 ,2.46 ,2.18 ,22.41 ,3.8 ,3.8 ,1.0 ,1,MMB
852,338.392-0.403,Sin,3431.2 ,78.1 ,-0.187 ,0.005 ,-0.158 ,--,--,0.94 ,9.869 ,0.134 ,7.222 ,0.152 ,0.447 ,3.387 ,1.531 ,0.025 ,2.60 ,0.28 ,0.63 ,19.6 ,3.26 ,2.64 ,22.43 ,3.3 ,3.3 ,1.0 ,1,MMB
855,338.461-0.245,SL,2168.5 ,146.4 ,0.055 ,0.007 ,0.052 ,-1.70E-05,6.25E-06,0.66 ,11.708 ,0.180 ,8.949 ,0.085 ,0.161 ,1.321 ,0.987 ,0.012 ,11.84 ,0.34 ,0.81 ,25.7 ,4.07 ,3.01 ,22.67 ,83.0 ,68.1 ,1.2 ,6,"MMB,C95B,M03,P05,P98,W97"
856,338.472+0.289,Sin,2452.6 ,46.1 ,0.183 ,0.008 ,0.183 ,--,--,0.85 ,10.052 ,0.171 ,6.539 ,0.151 ,0.494 ,2.481 ,0.288 ,0.020 ,2.55 ,0.31 ,0.21 ,29.7 ,3.56 ,1.92 ,22.42 ,1.4 ,0.7 ,2.0 ,3,"MMB,G93,P05"
863,338.920+0.550,SL,1796.8 ,259.7 ,-0.082 ,0.030 ,-0.073 ,1.10E-04,2.98E-05,0.65 ,8.385 ,0.126 ,5.288 ,0.317 ,0.494 ,1.180 ,-3.590 ,0.007 ,4.47 ,1.18 ,--,--,--,--,--,81.3 ,71.0 ,1.1 ,2,"MMB,P05"
879,339.762+0.054,Sin,13023.9 ,43913.5 ,-0.504 ,3.065 ,-0.371 ,--,--,0.83 ,9.532 ,0.147 ,7.982 ,0.119 ,0.363 ,1.834 ,0.486 ,0.025 ,12.14 ,0.31 ,0.56 ,26.8 ,4.15 ,2.90 ,21.92 ,12.9 ,11.7 ,1.1 ,2,"MMB,P05"
882,339.949-0.539,SL,1618.3 ,179.1 ,-0.015 ,0.007 ,-0.014 ,5.22E-05,5.35E-06,0.85 ,11.462 ,0.171 ,7.764 ,0.076 ,0.143 ,1.330 ,-0.329 ,0.020 ,6.05 ,1.35 ,1.66 ,24.4 ,4.83 ,3.74 ,22.81 ,70.5 ,40.0 ,1.8 ,3,"MMB,M03,P05"
883,339.980-0.538,SL,1437.4 ,194.6 ,-0.012 ,0.006 ,-0.011 ,3.30E-05,5.00E-06,0.61 ,11.025 ,0.137 ,8.331 ,0.062 ,0.121 ,1.236 ,-1.392 ,0.027 ,7.82 ,2.82 ,1.46 ,31.0 ,4.97 ,3.44 ,22.40 ,8.0 ,8.0 ,1.0 ,1,MMB
886,340.054-0.244,SL,1405.2 ,177.8 ,0.048 ,0.020 ,0.045 ,7.63E-05,1.82E-05,0.80 ,10.152 ,0.301 ,6.369 ,0.154 ,0.340 ,1.333 ,--,--,10.40 ,0.76 ,1.23 ,30.8 ,5.11 ,3.32 ,23.22 ,45.9 ,44.0 ,1.0 ,2,"MMB,M92A"
890,340.249-0.372,SL,705.1 ,38.4 ,-0.036 ,0.015 ,-0.033 ,5.50E-05,1.30E-05,0.65 ,8.724 ,0.207 ,6.325 ,0.128 ,0.222 ,1.284 ,-2.614 ,0.009 ,4.30 ,1.36 ,1.42 ,21.4 ,4.48 ,3.59 ,23.07 ,0.8 ,0.8 ,1.0 ,1,PRS
892,340.543-0.162,SL,573.5 ,11.8 ,0.042 ,0.008 ,0.039 ,3.13E-05,6.36E-06,0.62 ,11.928 ,0.144 ,10.801 ,0.091 ,0.179 ,1.305 ,5.187 ,0.206 ,12.23 ,0.33 ,--,--,--,--,--,1.2 ,1.2 ,1.0 ,1,MMB
893,340.655-0.235,SL,777.0 ,8.5 ,0.075 ,0.007 ,0.072 ,5.25E-05,5.19E-06,0.70 ,13.342 ,0.398 ,9.385 ,0.088 ,0.305 ,2.150 ,3.923 ,0.088 ,2.55 ,0.33 ,0.58 ,17.4 ,3.36 ,3.21 ,22.27 ,1.3 ,1.3 ,1.0 ,1,MMB
897,341.218-0.212,SL,2757.9 ,1735.7 ,-0.138 ,0.109 ,-0.119 ,3.01E-04,1.68E-04,0.79 ,8.179 ,0.303 ,4.807 ,0.516 ,0.890 ,1.234 ,-1.190 ,0.025 ,2.68 ,0.27 ,0.47 ,25.9 ,4.03 ,2.78 ,22.93 ,167.0 ,125.6 ,1.3 ,3,"MMB,C95B,M92B"
916,344.581-0.024,SL,1481.5 ,45.9 ,0.063 ,0.007 ,0.059 ,2.59E-05,6.04E-06,0.74 ,10.973 ,0.123 ,7.450 ,0.078 ,0.189 ,1.311 ,-0.733 ,0.009 ,16.75 ,0.43 ,0.16 ,31.5 ,3.19 ,1.45 ,22.50 ,3.6 ,3.0 ,1.2 ,6,"MMB,C95B,M03,M91,P05,W97"
919,345.010+1.792,SL,1275.7 ,301.5 ,-0.059 ,0.047 ,-0.053 ,1.06E-04,4.16E-05,0.62 ,9.379 ,0.165 ,3.402 ,0.487 ,0.364 ,1.079 ,1.026 ,--,1.32 ,0.11 ,--,--,--,--,--,508.0 ,243.0 ,2.1 ,6,"MMB,C95B,M03,P05,V11,W97"
920,345.012+1.797,Sin,4051.7 ,895.2 ,-0.216 ,0.036 ,-0.181 ,--,--,0.78 ,11.054 ,0.263 ,5.940 ,0.402 ,0.630 ,1.269 ,3.474 ,--,1.29 ,0.11 ,--,--,--,--,--,34.0 ,31.0 ,1.1 ,2,"MMB,C95B"
943,347.583+0.213,Sin,2811.2 ,451.5 ,0.032 ,0.007 ,0.030 ,--,--,0.60 ,8.151 ,0.141 ,6.836 ,0.080 ,0.121 ,1.109 ,--,--,5.13 ,0.27 ,2.43 ,31.1 ,5.66 ,3.87 ,22.69 ,3.2 ,3.2 ,1.0 ,1,MMB
947,347.863+0.019,Sin,18039.6 ,224169.0 ,2.000 ,48.723 ,5.310 ,--,--,0.76 ,8.390 ,0.276 ,6.281 ,0.185 ,0.409 ,1.409 ,0.682 ,0.025 ,11.87 ,0.41 ,--,--,--,--,--,7.2 ,6.4 ,1.1 ,3,"MMB,C95B,P05"
948,347.902+0.052,SL,727.9 ,42.2 ,-0.031 ,0.014 ,-0.028 ,7.04E-05,1.13E-05,0.79 ,8.238 ,0.125 ,6.379 ,0.143 ,0.224 ,1.300 ,--,--,11.90 ,0.40 ,--,--,--,--,--,5.5 ,5.5 ,1.0 ,1,MMB
954,348.579-0.920,Line,--,--,--,--,--,-2.19E-04,6.50E-06,0.90 ,10.607 ,0.294 ,7.278 ,0.203 ,0.612 ,5.007 ,0.370 ,0.034 ,2.80 ,0.33 ,0.95 ,17.1 ,3.79 ,3.36 ,22.94 ,0.3 ,0.3 ,1.0 ,1,MMB
956,348.654+0.244,Sin,1244.4 ,16.8 ,-0.116 ,0.006 ,-0.101 ,--,--,0.69 ,10.296 ,0.146 ,8.058 ,0.103 ,0.295 ,3.239 ,1.934 ,0.030 ,17.46 ,0.44 ,--,--,--,--,--,1.0 ,1.0 ,1.0 ,1,MMB
963,349.092+0.105,SL,2168.0 ,139.3 ,0.087 ,0.010 ,0.084 ,5.60E-05,8.48E-06,0.81 ,12.839 ,0.367 ,8.020 ,0.090 ,0.326 ,4.607 ,0.021 ,0.022 ,10.36 ,0.26 ,--,--,--,--,--,30.0 ,23.1 ,1.3 ,2,"MMB,P05"
964,349.092+0.106,SL,2168.0 ,139.3 ,0.087 ,0.010 ,0.084 ,5.60E-05,8.48E-06,0.81 ,12.839 ,0.367 ,8.020 ,0.090 ,0.326 ,4.607 ,0.021 ,0.022 ,10.36 ,0.26 ,5.03 ,26.7 ,5.72 ,4.14 ,22.98 ,10.4 ,10.4 ,1.0 ,1,MMB
970,350.015+0.433,Sin,4123.0 ,1208.9 ,0.036 ,0.007 ,0.034 ,--,--,0.73 ,9.244 ,0.142 ,6.428 ,0.077 ,0.101 ,1.133 ,-2.295 ,0.006 ,3.83 ,0.27 ,2.95 ,31.0 ,5.55 ,3.80 ,22.75 ,9.0 ,6.0 ,1.5 ,2,"MMB,P05"
979,350.356-0.068,Sin,18210.3 ,162198.4 ,-1.304 ,22.644 ,-0.699 ,--,--,0.82 ,12.891 ,0.446 ,9.721 ,0.081 ,0.239 ,2.148 ,2.091 ,0.031 ,4.95 ,0.25 ,0.27 ,21.9 ,2.74 ,2.02 ,22.13 ,1.4 ,1.4 ,1.0 ,1,MMB
982,350.686-0.491,Line,--,--,--,--,--,8.74E-05,4.66E-06,0.90 ,11.441 ,0.163 ,7.298 ,0.093 ,0.271 ,1.893 ,-0.565 ,0.018 ,1.33 ,0.12 ,0.71 ,20.2 ,3.67 ,2.93 ,22.90 ,19.4 ,19.4 ,1.0 ,1,MMB
993,351.688+0.171,SL,581.5 ,29.5 ,-0.033 ,0.014 ,-0.030 ,5.70E-05,1.24E-05,0.71 ,10.671 ,0.194 ,9.142 ,0.153 ,0.188 ,1.598 ,1.285 ,0.025 ,3.79 ,0.26 ,1.12 ,25.8 ,4.28 ,3.18 ,22.17 ,42.1 ,42.1 ,1.0 ,1,MMB
998,352.133-0.944,SL,554.1 ,19.6 ,-0.086 ,0.028 ,-0.076 ,2.20E-04,2.43E-05,0.75 ,9.030 ,0.431 ,6.170 ,0.290 ,0.828 ,1.831 ,--,--,1.32 ,0.12 ,0.18 ,23.6 ,2.71 ,1.73 ,22.54 ,15.7 ,15.7 ,1.0 ,1,MMB
1008,353.363-0.166,Sin,5843.6 ,3659.4 ,-0.075 ,0.062 ,-0.067 ,--,--,0.79 ,7.973 ,0.077 ,6.386 ,0.080 ,0.136 ,1.226 ,--,--,8.64 ,2.42 ,1.63 ,33.0 ,5.28 ,3.38 ,22.55 ,2.9 ,2.9 ,1.0 ,1,MMB
1009,353.370-0.091,SL,1757.6 ,192.2 ,-0.048 ,0.010 ,-0.043 ,6.58E-05,1.23E-05,0.61 ,11.870 ,0.290 ,10.594 ,0.098 ,0.241 ,1.490 ,2.051 ,0.097 ,3.78 ,0.25 ,3.73 ,22.5 ,5.07 ,4.15 ,22.43 ,1.1 ,1.1 ,1.0 ,1,MMB
1012,353.429-0.090,Sin,2914.2 ,232.5 ,-0.062 ,0.007 ,-0.055 ,--,--,0.62 ,12.163 ,0.411 ,10.133 ,0.067 ,0.309 ,1.619 ,3.383 ,0.054 ,4.82 ,0.25 ,1.69 ,19.2 ,4.21 ,3.90 ,22.81 ,13.0 ,13.0 ,1.0 ,1,MMB
1025,355.538-0.105,Sin,3114.1 ,182.3 ,-0.075 ,0.005 ,-0.067 ,--,--,0.72 ,9.528 ,0.132 ,7.364 ,0.075 ,0.241 ,1.905 ,-0.569 ,0.015 ,12.50 ,0.45 ,--,--,--,--,--,1.5 ,1.5 ,1.0 ,1,MMB
1026,355.545-0.103,Sin,2674.7 ,81.5 ,0.101 ,0.007 ,0.098 ,--,--,0.65 ,9.557 ,0.131 ,7.462 ,0.094 ,0.262 ,2.307 ,0.917 ,0.019 ,12.36 ,0.35 ,--,--,--,--,--,1.3 ,1.3 ,1.0 ,1,MMB
1027,355.642+0.398,SL,5963.3 ,38808.8 ,0.070 ,1.131 ,0.067 ,7.77E-05,7.35E-04,0.66 ,12.009 ,0.218 ,10.515 ,0.089 ,0.140 ,1.502 ,2.273 ,0.022 ,1.33 ,0.12 ,--,--,--,--,--,1.9 ,1.9 ,1.0 ,1,MMB
1033,357.922-0.337,SL,587.6 ,37.3 ,0.025 ,0.014 ,0.023 ,6.88E-05,1.18E-05,0.62 ,9.215 ,0.182 ,6.195 ,0.156 ,0.255 ,1.130 ,0.487 ,0.023 ,2.72 ,0.28 ,--,--,--,--,--,1.5 ,1.5 ,1.0 ,1,MMB
1037,358.263-2.061,SL,2117.1 ,474.3 ,0.013 ,0.004 ,0.012 ,3.25E-05,6.40E-06,0.79 ,9.745 ,0.088 ,7.109 ,0.049 ,0.131 ,1.505 ,-0.665 ,0.009 ,1.13 ,0.32 ,--,--,--,--,--,31.0 ,31.0 ,1.0 ,1,S99
1038,358.371-0.468,SL,1308.4 ,112.4 ,0.030 ,0.009 ,0.028 ,6.63E-05,7.79E-06,0.65 ,11.818 ,0.322 ,8.337 ,0.102 ,0.279 ,1.481 ,0.730 ,0.013 ,2.73 ,0.28 ,--,--,--,--,--,46.9 ,46.9 ,1.0 ,1,MMB
1048,359.138+0.031,Sin,2596.0 ,85.1 ,-0.065 ,0.005 ,-0.058 ,--,--,0.80 ,9.068 ,0.176 ,7.683 ,0.066 ,0.145 ,1.665 ,0.221 ,0.016 ,13.16 ,0.28 ,--,--,--,--,--,19.6 ,17.0 ,1.2 ,3,"MMB,C95B,W97"
1050,359.436-0.102,Sin,4000.0 ,597.7 ,-0.099 ,0.011 ,-0.087 ,--,--,0.87 ,11.055 ,0.371 ,7.380 ,0.094 ,0.245 ,2.082 ,--,--,4.72 ,0.24 ,--,--,--,--,--,1.5 ,1.5 ,1.0 ,1,MMB
1054,24.313-0.154,Sin,806.9 ,9.7 ,-0.276 ,0.025 ,-0.224 ,--,--,0.77 ,11.972 ,0.528 ,8.349 ,0.199 ,0.733 ,5.691 ,3.893 ,0.069 ,5.62 ,0.71 ,0.72 ,21.6 ,3.49 ,2.70 ,22.14 ,2.0 ,2.0 ,1.0 ,1,Y19
1057,25.177+0.211,SL,1750.5 ,142.3 ,-0.040 ,0.008 ,-0.037 ,-6.00E-05,7.98E-06,0.72 ,12.052 ,0.204 ,8.708 ,0.091 ,0.222 ,2.157 ,3.886 ,0.047 ,5.86 ,0.60 ,0.20 ,15.9 ,2.68 ,2.90 ,22.25 ,0.3 ,0.3 ,1.0 ,1,Y19
1059,29.281-0.330,SL,1000.0 ,38.3 ,0.076 ,0.012 ,0.072 ,9.26E-05,1.11E-05,0.65 ,12.484 ,0.286 ,8.474 ,0.144 ,0.312 ,2.184 ,3.302 ,0.032 ,4.65 ,0.47 ,0.87 ,19.7 ,3.73 ,3.15 ,22.37 ,1.9 ,1.9 ,1.0 ,1,Y19
1060,31.221+0.020(Left),Sin,22035.8 ,106647.6 ,2.000 ,18.994 ,5.310 ,--,--,0.82 ,11.891 ,0.269 ,8.249 ,0.090 ,0.289 ,2.398 ,2.101 ,0.051 ,4.92 ,0.78 ,0.25 ,14.0 ,2.50 ,2.77 ,22.50 ,0.4 ,0.4 ,1.0 ,1,Y19
1061,31.253+0.003(Left),SL,583.7 ,23.1 ,-0.056 ,0.018 ,-0.050 ,2.09E-04,1.66E-05,0.79 ,8.636 ,0.098 ,5.829 ,0.246 ,0.654 ,1.866 ,1.673 ,0.035 ,2.12 ,0.26 ,0.13 ,19.5 ,2.34 ,1.84 ,22.11 ,0.3 ,0.3 ,1.0 ,1,Y19
1065,35.225-0.360,Sin,3195.4 ,84.5 ,-0.325 ,0.012 ,-0.259 ,--,--,0.88 ,12.449 ,0.252 ,9.802 ,0.260 ,0.891 ,4.863 ,3.749 ,0.029 ,4.38 ,1.13 ,0.76 ,16.6 ,3.54 ,3.47 ,22.68 ,0.6 ,0.6 ,1.0 ,1,Y19
1066,43.089-0.011,SL,745.9 ,26.6 ,-0.012 ,0.003 ,-0.011 ,1.36E-05,2.76E-06,0.63 ,10.780 ,0.074 ,8.406 ,0.034 ,0.068 ,1.395 ,-0.273 ,0.016 ,11.03 ,0.38 ,--,--,--,--,--,0.3 ,0.3 ,1.0 ,1,Y19
1069,54.371-0.613,SL,5250.7 ,3905.7 ,0.598 ,1.127 ,0.735 ,5.84E-04,8.48E-04,0.71 ,12.077 ,0.475 ,9.039 ,0.158 ,0.521 ,2.314 ,2.903 ,0.021 ,4.22 ,0.62 ,0.34 ,20.0 ,3.26 ,2.76 ,22.41 ,0.8 ,0.8 ,1.0 ,1,Y19
1070,59.436+0.820,Line,--,--,--,--,--,2.75E-04,1.09E-05,0.90 ,12.205 ,0.189 ,10.224 ,0.269 ,0.764 ,2.701 ,1.950 ,0.019 ,11.77 ,0.78 ,--,--,--,--,--,0.4 ,0.4 ,1.0 ,1,Y19
1073,74.098+0.110,Sin,3417.9 ,199.5 ,-0.082 ,0.005 ,-0.073 ,--,--,0.61 ,12.515 ,0.131 ,9.537 ,0.095 ,0.269 ,2.088 ,3.094 ,0.019 ,3.49 ,0.41 ,--,--,--,--,--,5.2 ,5.2 ,1.0 ,1,Y19
1074,75.010+0.274,SL,2000.0 ,96.7 ,-0.071 ,0.009 ,-0.063 ,1.25E-04,7.12E-06,0.76 ,12.935 ,0.280 ,10.838 ,0.155 ,0.424 ,1.961 ,4.979 ,0.051 ,3.43 ,0.36 ,--,--,--,--,--,0.5 ,0.5 ,1.0 ,1,Y19
1075,76.093+0.158,Sin,3644.5 ,225.0 ,-0.092 ,0.005 ,-0.081 ,--,--,0.82 ,10.972 ,0.123 ,8.576 ,0.090 ,0.220 ,1.729 ,1.395 ,0.015 ,3.28 ,0.39 ,--,--,--,--,--,0.5 ,0.5 ,1.0 ,1,Y19
1077,81.794+0.911,Sin,2760.7 ,147.2 ,-0.190 ,0.014 ,-0.160 ,--,--,0.79 ,9.692 ,0.209 ,7.955 ,0.235 ,0.429 ,1.553 ,1.081 ,0.018 ,1.56 ,0.11 ,--,--,--,--,--,0.6 ,0.6 ,1.0 ,1,Y19
1078,82.308+0.729,Sin,5555.1 ,2065.6 ,-0.127 ,0.075 ,-0.110 ,--,--,0.91 ,11.583 ,0.090 ,8.848 ,0.063 ,0.167 ,1.477 ,2.033 ,0.018 ,1.90 ,0.45 ,--,--,--,--,--,58.4 ,58.4 ,1.0 ,1,Y19
1079,84.193+1.439,SL,1703.9 ,202.9 ,-0.219 ,0.052 ,-0.183 ,-1.99E-04,5.93E-05,0.64 ,4.979 ,0.622 ,2.096 ,0.664 ,1.046 ,1.409 ,-2.637 ,0.003 ,1.51 ,0.10 ,--,--,--,--,--,0.5 ,0.5 ,1.0 ,1,Y19
1081,84.984-0.529,Sin,3502.9 ,231.4 ,-0.072 ,0.005 ,-0.064 ,--,--,0.84 ,11.371 ,0.124 ,8.667 ,0.089 ,0.212 ,1.448 ,1.883 ,0.024 ,5.15 ,0.46 ,--,--,--,--,--,0.5 ,0.5 ,1.0 ,1,Y19
1082,89.930+1.669,Sin,2559.1 ,91.1 ,-0.120 ,0.009 ,-0.105 ,--,--,0.60 ,12.149 ,0.126 ,9.773 ,0.148 ,0.439 ,2.525 ,1.354 ,0.011 ,8.08 ,0.87 ,--,--,--,--,--,0.5 ,0.5 ,1.0 ,1,Y19
1083,99.070+1.200,SL,802.9 ,5.4 ,-0.130 ,0.006 ,-0.113 ,5.48E-05,5.10E-06,0.66 ,11.037 ,0.140 ,8.884 ,0.133 ,0.494 ,3.776 ,2.434 ,0.011 ,6.88 ,0.80 ,--,--,--,--,--,0.5 ,0.5 ,1.0 ,1,Y19
